category,net_revenue,gross_margin,historical_contribution,orders,return_lines,sales_lines,simulated_lines,revenue_share,gross_margin_pct,return_line_rate,simulated_line_share,provenance
Other,7779423.371,3645722.691,2560510.641,66075,7407,354095,77856,0.5860041985962857,0.4686366221679697,0.020918115195074766,0.21987319787062795,Simulated category and cost attributes on public and simulated sales
Home Decor,1825318.4485,856275.8323,585801.7323,33094,1871,100054,21869,0.1374966014298257,0.46911038071393274,0.01869990205289144,0.2185719711355868,Simulated category and cost attributes on public and simulated sales
Accessories,1310320.8235,593880.0748000001,359918.9748,23420,1117,70380,15232,0.09870313871096587,0.45323257033623726,0.015870986075589656,0.21642512077294687,Simulated category and cost attributes on public and simulated sales
Kitchen & Dining,1064676.958,501043.02619999996,332206.9262,24830,1389,63310,13961,0.08019941039107144,0.47060568225427857,0.021939661980729743,0.22051808561048808,Simulated category and cost attributes on public and simulated sales
Gifts & Seasonal,784051.8855,385701.6683,175663.9683,19490,701,52165,11343,0.059060636619044635,0.4919338572268506,0.013438129013706508,0.21744464679382727,Simulated category and cost attributes on public and simulated sales
Stationery,511579.901,230932.1576,32541.2076,18602,534,44125,9739,0.038536014252806526,0.45140975466117855,0.01210198300283286,0.22071388101983003,Simulated category and cost attributes on public and simulated sales
