rfm_segment,customers,monetary_value,historical_clv,average_clv,median_clv,average_frequency,average_recency_days,customer_share,monetary_share,clv_share,provenance
Champions,714,5515568.7265,1280263.3168,1793.0858778711483,956.4093,22.680672268907564,5.633053221288516,0.1633493479752917,0.46144067706342623,0.3838286657073637,Public core plus simulated store extension
At Risk,807,1928091.8465,623505.6877,772.6216700123916,481.5839,14.649318463444857,43.586121437422555,0.18462594371997254,0.16130702946638947,0.1869297925125423,Public core plus simulated store extension
Other,1134,1400685.2475,486703.6304,429.19191393298064,296.4583,9.382716049382717,20.201940035273367,0.2594371997254633,0.11718340954647025,0.14591592416964103,Public core plus simulated store extension
Loyal,586,1381874.9115,395573.318,675.0397918088738,458.22705,16.764505119453926,12.76962457337884,0.1340654312514299,0.11560970888022208,0.1185946491202119,Public core plus simulated store extension
Potential Loyalists,602,1113128.973,365537.6917,607.2054679401994,356.93775000000005,11.345514950166113,6.2275747508305646,0.1377259208419126,0.09312602424700044,0.10958983408323232,Public core plus simulated store extension
Lost,528,613581.6265,183923.6564,348.34025833333334,274.65995,8.420454545454545,72.60795454545455,0.12079615648592999,0.05133315079649173,0.055141134407008754,Public core plus simulated store extension
