location_id,location_name,store_format,net_revenue,gross_margin,orders,return_lines,sales_lines,peer_revenue,store_variance,store_variance_pct,gross_margin_pct,return_line_rate,provenance
STORE-MANCHESTER-CITY,Manchester City,Large,620233.2390000001,312463.0103,6917,477,20751,525690.787,94542.45200000002,0.17984422466205408,0.50378307812684,0.02298684400751771,Deterministic simulated store extension
STORE-LEEDS-CITY,Leeds City,Standard,439987.7195,219778.2536,6005,489,18015,395011.9975,44975.72199999999,0.11385912905088405,0.4995099723459441,0.02714404662781016,Deterministic simulated store extension
STORE-LIVERPOOL-CITY,Liverpool City,Standard,410550.115,202280.9644,5486,411,16458,395011.9975,15538.117499999988,0.03933581156607778,0.4927071190809434,0.024972657674079475,Deterministic simulated store extension
STORE-LONDON-CITY,London City,Flagship,500798.75200000004,240512.36740000002,7963,603,23889,500798.75200000004,0.0,0.0,0.4802575214883922,0.025241743061660177,Deterministic simulated store extension
STORE-EDINBURGH-CITY,Edinburgh City,Standard,379559.2925,187356.9238,5414,363,16242,395011.9975,-15452.704999999998,-0.039119583956434126,0.4936170118928125,0.022349464351680826,Deterministic simulated store extension
STORE-GLASGOW-CITY,Glasgow City,Standard,377183.3985,185135.8997,5634,462,16902,395011.9975,-17828.599000000006,-0.045134322787246495,0.49083788002403295,0.027334043308484202,Deterministic simulated store extension
STORE-BRISTOL-CITY,Bristol City,Standard,367779.462,173766.5511,5866,462,17598,395011.9975,-27232.535500000013,-0.06894103387328131,0.4724748634821811,0.026252983293556086,Deterministic simulated store extension
STORE-BIRMINGHAM-CITY,Birmingham City,Large,431148.335,208221.6806,6715,501,20145,525690.787,-94542.452,-0.17984422466205405,0.4829467347937224,0.02486969471332837,Deterministic simulated store extension
